FechaID,Fecha,Year,Month,Quarter,MonthName
454,"Thursday, July 2, 2020",2020,7,3,JULIO
455,"Saturday, July 4, 2020",2020,7,3,JULIO
456,"Sunday, July 5, 2020",2020,7,3,JULIO
484,"Tuesday, July 7, 2020",2020,7,3,JULIO
485,"Wednesday, July 8, 2020",2020,7,3,JULIO
486,"Saturday, July 11, 2020",2020,7,3,JULIO
487,"Monday, July 13, 2020",2020,7,3,JULIO
488,"Wednesday, July 15, 2020",2020,7,3,JULIO
489,"Saturday, July 18, 2020",2020,7,3,JULIO
490,"Tuesday, July 21, 2020",2020,7,3,JULIO
491,"Thursday, July 23, 2020",2020,7,3,JULIO
492,"Sunday, July 26, 2020",2020,7,3,JULIO
493,"Saturday, July 25, 2020",2020,7,3,JULIO
494,"Tuesday, July 28, 2020",2020,7,3,JULIO
495,"Monday, July 20, 2020",2020,7,3,JULIO
496,"Sunday, August 2, 2020",2020,8,3,AGOSTO
497,"Tuesday, August 4, 2020",2020,8,3,AGOSTO
498,"Thursday, August 6, 2020",2020,8,3,AGOSTO
499,"Saturday, August 8, 2020",2020,8,3,AGOSTO
500,"Sunday, August 9, 2020",2020,8,3,AGOSTO
501,"Monday, August 10, 2020",2020,8,3,AGOSTO
502,"Tuesday, August 11, 2020",2020,8,3,AGOSTO
503,"Friday, August 14, 2020",2020,8,3,AGOSTO
504,"Tuesday, August 18, 2020",2020,8,3,AGOSTO
505,"Thursday, August 20, 2020",2020,8,3,AGOSTO
506,"Sunday, August 23, 2020",2020,8,3,AGOSTO
507,"Monday, August 24, 2020",2020,8,3,AGOSTO
508,"Thursday, August 27, 2020",2020,8,3,AGOSTO
509,"Wednesday, September 2, 2020",2020,9,3,SETIEMBRE
510,"Thursday, September 3, 2020",2020,9,3,SETIEMBRE
511,"Monday, September 7, 2020",2020,9,3,SETIEMBRE
512,"Tuesday, September 8, 2020",2020,9,3,SETIEMBRE
513,"Wednesday, September 9, 2020",2020,9,3,SETIEMBRE
514,"Thursday, September 10, 2020",2020,9,3,SETIEMBRE
515,"Tuesday, September 15, 2020",2020,9,3,SETIEMBRE
516,"Wednesday, September 16, 2020",2020,9,3,SETIEMBRE
517,"Tuesday, September 22, 2020",2020,9,3,SETIEMBRE
518,"Friday, September 11, 2020",2020,9,3,SETIEMBRE
519,"Tuesday, September 29, 2020",2020,9,3,SETIEMBRE
563,"Wednesday, July 1, 2020",2020,7,3,JULIO
564,"Friday, July 3, 2020",2020,7,3,JULIO
573,"Friday, July 10, 2020",2020,7,3,JULIO
574,"Sunday, July 12, 2020",2020,7,3,JULIO
575,"Wednesday, July 22, 2020",2020,7,3,JULIO
600,"Sunday, July 19, 2020",2020,7,3,JULIO
601,"Monday, July 27, 2020",2020,7,3,JULIO
602,"Wednesday, July 29, 2020",2020,7,3,JULIO
603,"Thursday, July 30, 2020",2020,7,3,JULIO
604,"Monday, August 3, 2020",2020,8,3,AGOSTO
605,"Wednesday, August 5, 2020",2020,8,3,AGOSTO
606,"Thursday, August 13, 2020",2020,8,3,AGOSTO
607,"Wednesday, August 19, 2020",2020,8,3,AGOSTO
608,"Friday, August 21, 2020",2020,8,3,AGOSTO
609,"Wednesday, August 26, 2020",2020,8,3,AGOSTO
610,"Tuesday, August 25, 2020",2020,8,3,AGOSTO
611,"Monday, August 31, 2020",2020,8,3,AGOSTO
612,"Saturday, September 5, 2020",2020,9,3,SETIEMBRE
613,"Friday, September 4, 2020",2020,9,3,SETIEMBRE
614,"Sunday, September 13, 2020",2020,9,3,SETIEMBRE
615,"Friday, September 18, 2020",2020,9,3,SETIEMBRE
623,"Friday, July 24, 2020",2020,7,3,JULIO
624,"Saturday, August 1, 2020",2020,8,3,AGOSTO
625,"Saturday, August 15, 2020",2020,8,3,AGOSTO
626,"Friday, August 28, 2020",2020,8,3,AGOSTO
649,"Monday, September 28, 2020",2020,9,3,SETIEMBRE
650,"Friday, September 25, 2020",2020,9,3,SETIEMBRE
670,"Thursday, July 9, 2020",2020,7,3,JULIO
671,"Friday, July 17, 2020",2020,7,3,JULIO
696,"Tuesday, July 14, 2020",2020,7,3,JULIO
697,"Thursday, July 16, 2020",2020,7,3,JULIO
698,"Monday, September 14, 2020",2020,9,3,SETIEMBRE
699,"Thursday, September 17, 2020",2020,9,3,SETIEMBRE
700,"Monday, September 21, 2020",2020,9,3,SETIEMBRE
701,"Wednesday, September 23, 2020",2020,9,3,SETIEMBRE
702,"Saturday, August 29, 2020",2020,8,3,AGOSTO
703,"Wednesday, September 30, 2020",2020,9,3,SETIEMBRE
708,"Friday, August 7, 2020",2020,8,3,AGOSTO
709,"Wednesday, August 12, 2020",2020,8,3,AGOSTO
710,"Saturday, August 22, 2020",2020,8,3,AGOSTO
711,"Saturday, September 19, 2020",2020,9,3,SETIEMBRE
712,"Sunday, September 27, 2020",2020,9,3,SETIEMBRE
714,"Monday, August 17, 2020",2020,8,3,AGOSTO
715,"Sunday, August 16, 2020",2020,8,3,AGOSTO
771,"Saturday, September 12, 2020",2020,9,3,SETIEMBRE
772,"Saturday, September 26, 2020",2020,9,3,SETIEMBRE
773,"Thursday, September 24, 2020",2020,9,3,SETIEMBRE
778,"Tuesday, September 1, 2020",2020,9,3,SETIEMBRE
789,"Monday, July 6, 2020",2020,7,3,JULIO
791,"Sunday, September 6, 2020",2020,9,3,SETIEMBRE
792,"Sunday, September 20, 2020",2020,9,3,SETIEMBRE
805,"Friday, July 31, 2020",2020,7,3,JULIO
806,"Sunday, August 30, 2020",2020,8,3,AGOSTO
520,"Thursday, October 1, 2020",2020,10,4,OCTUBRE
521,"Friday, October 2, 2020",2020,10,4,OCTUBRE
522,"Thursday, October 8, 2020",2020,10,4,OCTUBRE
523,"Monday, October 12, 2020",2020,10,4,OCTUBRE
524,"Tuesday, October 13, 2020",2020,10,4,OCTUBRE
525,"Thursday, October 15, 2020",2020,10,4,OCTUBRE
526,"Sunday, October 18, 2020",2020,10,4,OCTUBRE
527,"Tuesday, October 27, 2020",2020,10,4,OCTUBRE
528,"Monday, October 26, 2020",2020,10,4,OCTUBRE
529,"Sunday, October 25, 2020",2020,10,4,OCTUBRE
577,"Friday, October 23, 2020",2020,10,4,OCTUBRE
578,"Sunday, November 1, 2020",2020,11,4,NOVIEMBRE
579,"Wednesday, November 4, 2020",2020,11,4,NOVIEMBRE
580,"Saturday, November 7, 2020",2020,11,4,NOVIEMBRE
581,"Tuesday, November 10, 2020",2020,11,4,NOVIEMBRE
582,"Friday, November 13, 2020",2020,11,4,NOVIEMBRE
583,"Tuesday, November 24, 2020",2020,11,4,NOVIEMBRE
584,"Thursday, November 26, 2020",2020,11,4,NOVIEMBRE
585,"Saturday, November 28, 2020",2020,11,4,NOVIEMBRE
586,"Sunday, November 29, 2020",2020,11,4,NOVIEMBRE
587,"Thursday, December 3, 2020",2020,12,4,DICIEMBRE
588,"Friday, December 18, 2020",2020,12,4,DICIEMBRE
589,"Tuesday, December 15, 2020",2020,12,4,DICIEMBRE
590,"Sunday, December 20, 2020",2020,12,4,DICIEMBRE
591,"Saturday, December 26, 2020",2020,12,4,DICIEMBRE
592,"Monday, December 28, 2020",2020,12,4,DICIEMBRE
593,"Tuesday, December 29, 2020",2020,12,4,DICIEMBRE
594,"Wednesday, December 30, 2020",2020,12,4,DICIEMBRE
651,"Saturday, October 3, 2020",2020,10,4,OCTUBRE
652,"Wednesday, October 7, 2020",2020,10,4,OCTUBRE
653,"Monday, October 5, 2020",2020,10,4,OCTUBRE
654,"Sunday, October 11, 2020",2020,10,4,OCTUBRE
655,"Saturday, October 17, 2020",2020,10,4,OCTUBRE
656,"Tuesday, October 20, 2020",2020,10,4,OCTUBRE
657,"Thursday, October 22, 2020",2020,10,4,OCTUBRE
658,"Saturday, October 24, 2020",2020,10,4,OCTUBRE
659,"Monday, November 2, 2020",2020,11,4,NOVIEMBRE
660,"Wednesday, October 28, 2020",2020,10,4,OCTUBRE
704,"Sunday, October 4, 2020",2020,10,4,OCTUBRE
705,"Saturday, October 10, 2020",2020,10,4,OCTUBRE
706,"Friday, October 16, 2020",2020,10,4,OCTUBRE
707,"Wednesday, October 21, 2020",2020,10,4,OCTUBRE
713,"Tuesday, October 6, 2020",2020,10,4,OCTUBRE
716,"Thursday, October 29, 2020",2020,10,4,OCTUBRE
717,"Tuesday, November 3, 2020",2020,11,4,NOVIEMBRE
718,"Monday, November 9, 2020",2020,11,4,NOVIEMBRE
719,"Thursday, November 12, 2020",2020,11,4,NOVIEMBRE
720,"Saturday, November 14, 2020",2020,11,4,NOVIEMBRE
721,"Sunday, November 15, 2020",2020,11,4,NOVIEMBRE
722,"Wednesday, November 18, 2020",2020,11,4,NOVIEMBRE
723,"Tuesday, November 17, 2020",2020,11,4,NOVIEMBRE
724,"Thursday, November 19, 2020",2020,11,4,NOVIEMBRE
725,"Sunday, November 22, 2020",2020,11,4,NOVIEMBRE
726,"Wednesday, December 2, 2020",2020,12,4,DICIEMBRE
727,"Friday, November 27, 2020",2020,11,4,NOVIEMBRE
728,"Saturday, December 5, 2020",2020,12,4,DICIEMBRE
729,"Monday, December 7, 2020",2020,12,4,DICIEMBRE
730,"Sunday, December 6, 2020",2020,12,4,DICIEMBRE
731,"Tuesday, December 8, 2020",2020,12,4,DICIEMBRE
732,"Sunday, November 8, 2020",2020,11,4,NOVIEMBRE
733,"Monday, November 23, 2020",2020,11,4,NOVIEMBRE
734,"Friday, November 20, 2020",2020,11,4,NOVIEMBRE
735,"Saturday, November 21, 2020",2020,11,4,NOVIEMBRE
736,"Monday, November 30, 2020",2020,11,4,NOVIEMBRE
737,"Tuesday, December 1, 2020",2020,12,4,DICIEMBRE
738,"Saturday, December 12, 2020",2020,12,4,DICIEMBRE
739,"Thursday, December 17, 2020",2020,12,4,DICIEMBRE
740,"Saturday, December 19, 2020",2020,12,4,DICIEMBRE
741,"Monday, October 19, 2020",2020,10,4,OCTUBRE
742,"Friday, October 30, 2020",2020,10,4,OCTUBRE
743,"Saturday, October 31, 2020",2020,10,4,OCTUBRE
744,"Wednesday, November 11, 2020",2020,11,4,NOVIEMBRE
745,"Monday, November 16, 2020",2020,11,4,NOVIEMBRE
774,"Friday, October 9, 2020",2020,10,4,OCTUBRE
779,"Thursday, November 5, 2020",2020,11,4,NOVIEMBRE
780,"Wednesday, December 9, 2020",2020,12,4,DICIEMBRE
782,"Sunday, December 13, 2020",2020,12,4,DICIEMBRE
783,"Wednesday, December 16, 2020",2020,12,4,DICIEMBRE
784,"Friday, December 25, 2020",2020,12,4,DICIEMBRE
785,"Sunday, December 27, 2020",2020,12,4,DICIEMBRE
790,"Wednesday, October 14, 2020",2020,10,4,OCTUBRE
793,"Friday, November 6, 2020",2020,11,4,NOVIEMBRE
807,"Thursday, December 10, 2020",2020,12,4,DICIEMBRE
808,"Monday, December 14, 2020",2020,12,4,DICIEMBRE
809,"Monday, December 21, 2020",2020,12,4,DICIEMBRE
810,"Wednesday, December 23, 2020",2020,12,4,DICIEMBRE
811,"Thursday, December 31, 2020",2020,12,4,DICIEMBRE
813,"Friday, December 4, 2020",2020,12,4,DICIEMBRE
839,"Tuesday, December 22, 2020",2020,12,4,DICIEMBRE
840,"Thursday, December 24, 2020",2020,12,4,DICIEMBRE
855,"Wednesday, November 25, 2020",2020,11,4,NOVIEMBRE
856,"Friday, December 11, 2020",2020,12,4,DICIEMBRE
350,"Wednesday, January 1, 2020",2020,1,1,ENERO
352,"Thursday, January 2, 2020",2020,1,1,ENERO
353,"Saturday, January 4, 2020",2020,1,1,ENERO
354,"Sunday, January 5, 2020",2020,1,1,ENERO
355,"Monday, January 6, 2020",2020,1,1,ENERO
356,"Tuesday, January 7, 2020",2020,1,1,ENERO
357,"Friday, January 10, 2020",2020,1,1,ENERO
358,"Saturday, January 11, 2020",2020,1,1,ENERO
359,"Monday, January 13, 2020",2020,1,1,ENERO
360,"Thursday, January 16, 2020",2020,1,1,ENERO
365,"Friday, January 3, 2020",2020,1,1,ENERO
366,"Thursday, January 9, 2020",2020,1,1,ENERO
367,"Tuesday, January 14, 2020",2020,1,1,ENERO
368,"Wednesday, January 15, 2020",2020,1,1,ENERO
369,"Saturday, January 18, 2020",2020,1,1,ENERO
370,"Tuesday, January 21, 2020",2020,1,1,ENERO
371,"Wednesday, January 22, 2020",2020,1,1,ENERO
376,"Sunday, January 19, 2020",2020,1,1,ENERO
377,"Monday, January 20, 2020",2020,1,1,ENERO
378,"Sunday, January 26, 2020",2020,1,1,ENERO
379,"Sunday, February 2, 2020",2020,2,1,FEBRERO
380,"Saturday, February 1, 2020",2020,2,1,FEBRERO
381,"Monday, February 3, 2020",2020,2,1,FEBRERO
382,"Tuesday, February 4, 2020",2020,2,1,FEBRERO
383,"Thursday, February 6, 2020",2020,2,1,FEBRERO
384,"Monday, February 10, 2020",2020,2,1,FEBRERO
385,"Tuesday, February 11, 2020",2020,2,1,FEBRERO
386,"Friday, February 7, 2020",2020,2,1,FEBRERO
387,"Tuesday, February 18, 2020",2020,2,1,FEBRERO
388,"Wednesday, February 19, 2020",2020,2,1,FEBRERO
389,"Saturday, February 22, 2020",2020,2,1,FEBRERO
390,"Sunday, February 23, 2020",2020,2,1,FEBRERO
391,"Monday, February 24, 2020",2020,2,1,FEBRERO
392,"Sunday, March 1, 2020",2020,3,1,MARZO
393,"Friday, February 28, 2020",2020,2,1,FEBRERO
394,"Saturday, February 29, 2020",2020,2,1,FEBRERO
395,"Wednesday, March 4, 2020",2020,3,1,MARZO
396,"Thursday, March 5, 2020",2020,3,1,MARZO
397,"Sunday, March 8, 2020",2020,3,1,MARZO
398,"Monday, March 9, 2020",2020,3,1,MARZO
399,"Tuesday, March 10, 2020",2020,3,1,MARZO
400,"Wednesday, January 29, 2020",2020,1,1,ENERO
401,"Wednesday, March 11, 2020",2020,3,1,MARZO
402,"Friday, March 6, 2020",2020,3,1,MARZO
403,"Monday, March 16, 2020",2020,3,1,MARZO
404,"Saturday, March 14, 2020",2020,3,1,MARZO
405,"Sunday, March 22, 2020",2020,3,1,MARZO
406,"Tuesday, March 24, 2020",2020,3,1,MARZO
407,"Thursday, March 26, 2020",2020,3,1,MARZO
408,"Friday, March 27, 2020",2020,3,1,MARZO
422,"Sunday, January 12, 2020",2020,1,1,ENERO
423,"Thursday, January 23, 2020",2020,1,1,ENERO
424,"Saturday, January 25, 2020",2020,1,1,ENERO
425,"Monday, January 27, 2020",2020,1,1,ENERO
426,"Thursday, January 30, 2020",2020,1,1,ENERO
427,"Friday, January 31, 2020",2020,1,1,ENERO
428,"Friday, February 14, 2020",2020,2,1,FEBRERO
429,"Saturday, February 15, 2020",2020,2,1,FEBRERO
430,"Thursday, February 27, 2020",2020,2,1,FEBRERO
431,"Tuesday, February 25, 2020",2020,2,1,FEBRERO
457,"Tuesday, January 28, 2020",2020,1,1,ENERO
458,"Wednesday, February 5, 2020",2020,2,1,FEBRERO
459,"Thursday, February 13, 2020",2020,2,1,FEBRERO
461,"Sunday, February 16, 2020",2020,2,1,FEBRERO
462,"Thursday, February 20, 2020",2020,2,1,FEBRERO
463,"Friday, February 21, 2020",2020,2,1,FEBRERO
464,"Wednesday, February 26, 2020",2020,2,1,FEBRERO
465,"Monday, March 2, 2020",2020,3,1,MARZO
466,"Saturday, March 7, 2020",2020,3,1,MARZO
467,"Tuesday, March 3, 2020",2020,3,1,MARZO
468,"Thursday, March 12, 2020",2020,3,1,MARZO
469,"Friday, March 13, 2020",2020,3,1,MARZO
470,"Sunday, March 15, 2020",2020,3,1,MARZO
471,"Friday, March 20, 2020",2020,3,1,MARZO
530,"Wednesday, March 18, 2020",2020,3,1,MARZO
531,"Thursday, March 19, 2020",2020,3,1,MARZO
532,"Monday, March 23, 2020",2020,3,1,MARZO
533,"Wednesday, March 25, 2020",2020,3,1,MARZO
534,"Saturday, March 28, 2020",2020,3,1,MARZO
536,"Tuesday, March 31, 2020",2020,3,1,MARZO
537,"Monday, March 30, 2020",2020,3,1,MARZO
552,"Wednesday, January 8, 2020",2020,1,1,ENERO
553,"Friday, January 17, 2020",2020,1,1,ENERO
554,"Friday, January 24, 2020",2020,1,1,ENERO
565,"Sunday, February 9, 2020",2020,2,1,FEBRERO
566,"Monday, February 17, 2020",2020,2,1,FEBRERO
576,"Saturday, February 8, 2020",2020,2,1,FEBRERO
616,"Sunday, March 29, 2020",2020,3,1,MARZO
619,"Tuesday, March 17, 2020",2020,3,1,MARZO
620,"Saturday, March 21, 2020",2020,3,1,MARZO
775,"Wednesday, February 12, 2020",2020,2,1,FEBRERO
409,"Thursday, April 2, 2020",2020,4,2,ABRIL
410,"Sunday, April 5, 2020",2020,4,2,ABRIL
411,"Monday, April 6, 2020",2020,4,2,ABRIL
412,"Thursday, April 9, 2020",2020,4,2,ABRIL
413,"Saturday, April 11, 2020",2020,4,2,ABRIL
414,"Monday, April 13, 2020",2020,4,2,ABRIL
415,"Sunday, April 19, 2020",2020,4,2,ABRIL
416,"Wednesday, April 22, 2020",2020,4,2,ABRIL
417,"Thursday, April 23, 2020",2020,4,2,ABRIL
418,"Monday, April 27, 2020",2020,4,2,ABRIL
432,"Wednesday, April 29, 2020",2020,4,2,ABRIL
433,"Friday, May 1, 2020",2020,5,2,MAYO
434,"Saturday, May 9, 2020",2020,5,2,MAYO
435,"Tuesday, May 19, 2020",2020,5,2,MAYO
436,"Saturday, May 16, 2020",2020,5,2,MAYO
437,"Thursday, May 28, 2020",2020,5,2,MAYO
438,"Wednesday, May 27, 2020",2020,5,2,MAYO
439,"Saturday, May 30, 2020",2020,5,2,MAYO
440,"Friday, May 29, 2020",2020,5,2,MAYO
441,"Monday, June 1, 2020",2020,6,2,JUNIO
442,"Tuesday, June 2, 2020",2020,6,2,JUNIO
443,"Friday, June 5, 2020",2020,6,2,JUNIO
444,"Sunday, June 7, 2020",2020,6,2,JUNIO
445,"Friday, May 15, 2020",2020,5,2,MAYO
446,"Saturday, June 13, 2020",2020,6,2,JUNIO
447,"Monday, June 15, 2020",2020,6,2,JUNIO
448,"Friday, June 19, 2020",2020,6,2,JUNIO
449,"Wednesday, June 10, 2020",2020,6,2,JUNIO
450,"Friday, June 12, 2020",2020,6,2,JUNIO
451,"Sunday, June 28, 2020",2020,6,2,JUNIO
452,"Saturday, June 27, 2020",2020,6,2,JUNIO
453,"Monday, June 29, 2020",2020,6,2,JUNIO
472,"Sunday, April 12, 2020",2020,4,2,ABRIL
473,"Tuesday, April 14, 2020",2020,4,2,ABRIL
474,"Wednesday, April 15, 2020",2020,4,2,ABRIL
475,"Thursday, April 16, 2020",2020,4,2,ABRIL
476,"Saturday, April 18, 2020",2020,4,2,ABRIL
477,"Saturday, April 25, 2020",2020,4,2,ABRIL
478,"Friday, April 24, 2020",2020,4,2,ABRIL
479,"Tuesday, April 28, 2020",2020,4,2,ABRIL
480,"Saturday, May 2, 2020",2020,5,2,MAYO
481,"Monday, May 4, 2020",2020,5,2,MAYO
535,"Wednesday, April 1, 2020",2020,4,2,ABRIL
538,"Tuesday, April 7, 2020",2020,4,2,ABRIL
539,"Friday, April 10, 2020",2020,4,2,ABRIL
540,"Monday, April 20, 2020",2020,4,2,ABRIL
541,"Thursday, April 30, 2020",2020,4,2,ABRIL
542,"Wednesday, May 6, 2020",2020,5,2,MAYO
543,"Sunday, May 3, 2020",2020,5,2,MAYO
544,"Tuesday, May 5, 2020",2020,5,2,MAYO
545,"Friday, May 8, 2020",2020,5,2,MAYO
546,"Thursday, May 7, 2020",2020,5,2,MAYO
547,"Wednesday, May 13, 2020",2020,5,2,MAYO
548,"Monday, May 18, 2020",2020,5,2,MAYO
549,"Wednesday, May 20, 2020",2020,5,2,MAYO
550,"Monday, May 25, 2020",2020,5,2,MAYO
551,"Thursday, May 21, 2020",2020,5,2,MAYO
555,"Monday, May 11, 2020",2020,5,2,MAYO
556,"Sunday, May 17, 2020",2020,5,2,MAYO
557,"Sunday, May 24, 2020",2020,5,2,MAYO
558,"Wednesday, June 3, 2020",2020,6,2,JUNIO
559,"Thursday, June 4, 2020",2020,6,2,JUNIO
560,"Sunday, June 21, 2020",2020,6,2,JUNIO
561,"Wednesday, June 24, 2020",2020,6,2,JUNIO
562,"Tuesday, June 30, 2020",2020,6,2,JUNIO
567,"Tuesday, June 9, 2020",2020,6,2,JUNIO
568,"Tuesday, June 16, 2020",2020,6,2,JUNIO
569,"Wednesday, June 17, 2020",2020,6,2,JUNIO
570,"Thursday, June 18, 2020",2020,6,2,JUNIO
571,"Monday, June 22, 2020",2020,6,2,JUNIO
572,"Thursday, June 25, 2020",2020,6,2,JUNIO
617,"Tuesday, April 21, 2020",2020,4,2,ABRIL
621,"Friday, April 3, 2020",2020,4,2,ABRIL
622,"Friday, April 17, 2020",2020,4,2,ABRIL
661,"Sunday, May 10, 2020",2020,5,2,MAYO
662,"Friday, May 22, 2020",2020,5,2,MAYO
663,"Tuesday, May 26, 2020",2020,5,2,MAYO
664,"Sunday, May 31, 2020",2020,5,2,MAYO
665,"Saturday, June 6, 2020",2020,6,2,JUNIO
666,"Tuesday, June 23, 2020",2020,6,2,JUNIO
667,"Saturday, April 4, 2020",2020,4,2,ABRIL
668,"Wednesday, April 8, 2020",2020,4,2,ABRIL
669,"Friday, June 26, 2020",2020,6,2,JUNIO
672,"Tuesday, May 12, 2020",2020,5,2,MAYO
673,"Thursday, May 14, 2020",2020,5,2,MAYO
695,"Saturday, June 20, 2020",2020,6,2,JUNIO
746,"Saturday, May 23, 2020",2020,5,2,MAYO
776,"Monday, June 8, 2020",2020,6,2,JUNIO
777,"Thursday, June 11, 2020",2020,6,2,JUNIO
781,"Sunday, June 14, 2020",2020,6,2,JUNIO
1094,"Sunday, April 26, 2020",2020,4,2,ABRIL
1,"Tuesday, January 1, 2019",2019,1,1,ENERO
2,"Wednesday, January 2, 2019",2019,1,1,ENERO
3,"Friday, January 4, 2019",2019,1,1,ENERO
4,"Thursday, January 17, 2019",2019,1,1,ENERO
5,"Sunday, January 20, 2019",2019,1,1,ENERO
6,"Monday, January 21, 2019",2019,1,1,ENERO
7,"Saturday, January 19, 2019",2019,1,1,ENERO
8,"Friday, January 18, 2019",2019,1,1,ENERO
9,"Thursday, January 31, 2019",2019,1,1,ENERO
10,"Wednesday, January 30, 2019",2019,1,1,ENERO
11,"Friday, February 1, 2019",2019,2,1,FEBRERO
12,"Saturday, February 2, 2019",2019,2,1,FEBRERO
13,"Sunday, February 3, 2019",2019,2,1,FEBRERO
14,"Thursday, February 7, 2019",2019,2,1,FEBRERO
15,"Friday, February 8, 2019",2019,2,1,FEBRERO
16,"Monday, February 11, 2019",2019,2,1,FEBRERO
17,"Sunday, February 10, 2019",2019,2,1,FEBRERO
18,"Tuesday, February 12, 2019",2019,2,1,FEBRERO
19,"Friday, February 15, 2019",2019,2,1,FEBRERO
20,"Monday, February 18, 2019",2019,2,1,FEBRERO
21,"Sunday, February 17, 2019",2019,2,1,FEBRERO
22,"Tuesday, February 19, 2019",2019,2,1,FEBRERO
23,"Saturday, January 5, 2019",2019,1,1,ENERO
24,"Sunday, January 6, 2019",2019,1,1,ENERO
25,"Monday, January 7, 2019",2019,1,1,ENERO
26,"Saturday, January 12, 2019",2019,1,1,ENERO
27,"Tuesday, January 15, 2019",2019,1,1,ENERO
28,"Wednesday, January 16, 2019",2019,1,1,ENERO
29,"Saturday, January 26, 2019",2019,1,1,ENERO
30,"Friday, January 25, 2019",2019,1,1,ENERO
31,"Monday, January 28, 2019",2019,1,1,ENERO
32,"Tuesday, February 5, 2019",2019,2,1,FEBRERO
33,"Wednesday, February 6, 2019",2019,2,1,FEBRERO
34,"Saturday, February 9, 2019",2019,2,1,FEBRERO
35,"Thursday, January 3, 2019",2019,1,1,ENERO
36,"Monday, January 14, 2019",2019,1,1,ENERO
37,"Tuesday, January 22, 2019",2019,1,1,ENERO
38,"Thursday, January 24, 2019",2019,1,1,ENERO
39,"Tuesday, January 29, 2019",2019,1,1,ENERO
40,"Monday, February 4, 2019",2019,2,1,FEBRERO
41,"Saturday, February 16, 2019",2019,2,1,FEBRERO
42,"Thursday, February 21, 2019",2019,2,1,FEBRERO
43,"Wednesday, February 20, 2019",2019,2,1,FEBRERO
44,"Friday, February 22, 2019",2019,2,1,FEBRERO
45,"Sunday, February 24, 2019",2019,2,1,FEBRERO
46,"Tuesday, February 26, 2019",2019,2,1,FEBRERO
47,"Sunday, March 3, 2019",2019,3,1,MARZO
48,"Monday, March 4, 2019",2019,3,1,MARZO
49,"Thursday, February 28, 2019",2019,2,1,FEBRERO
50,"Saturday, March 9, 2019",2019,3,1,MARZO
51,"Sunday, March 10, 2019",2019,3,1,MARZO
52,"Tuesday, March 12, 2019",2019,3,1,MARZO
53,"Thursday, March 14, 2019",2019,3,1,MARZO
54,"Monday, March 11, 2019",2019,3,1,MARZO
55,"Saturday, March 16, 2019",2019,3,1,MARZO
56,"Sunday, March 17, 2019",2019,3,1,MARZO
57,"Monday, March 18, 2019",2019,3,1,MARZO
58,"Tuesday, March 19, 2019",2019,3,1,MARZO
59,"Wednesday, March 20, 2019",2019,3,1,MARZO
60,"Thursday, February 14, 2019",2019,2,1,FEBRERO
61,"Monday, February 25, 2019",2019,2,1,FEBRERO
62,"Saturday, March 2, 2019",2019,3,1,MARZO
63,"Wednesday, March 13, 2019",2019,3,1,MARZO
64,"Friday, March 15, 2019",2019,3,1,MARZO
65,"Saturday, February 23, 2019",2019,2,1,FEBRERO
66,"Wednesday, February 27, 2019",2019,2,1,FEBRERO
67,"Friday, March 1, 2019",2019,3,1,MARZO
68,"Wednesday, March 6, 2019",2019,3,1,MARZO
69,"Thursday, March 7, 2019",2019,3,1,MARZO
70,"Friday, March 8, 2019",2019,3,1,MARZO
71,"Tuesday, January 8, 2019",2019,1,1,ENERO
72,"Thursday, January 10, 2019",2019,1,1,ENERO
73,"Friday, January 11, 2019",2019,1,1,ENERO
74,"Sunday, January 13, 2019",2019,1,1,ENERO
75,"Sunday, January 27, 2019",2019,1,1,ENERO
76,"Thursday, March 21, 2019",2019,3,1,MARZO
77,"Friday, March 22, 2019",2019,3,1,MARZO
78,"Saturday, March 23, 2019",2019,3,1,MARZO
79,"Monday, March 25, 2019",2019,3,1,MARZO
80,"Tuesday, March 26, 2019",2019,3,1,MARZO
81,"Thursday, March 28, 2019",2019,3,1,MARZO
82,"Wednesday, March 27, 2019",2019,3,1,MARZO
84,"Saturday, March 30, 2019",2019,3,1,MARZO
94,"Friday, March 29, 2019",2019,3,1,MARZO
95,"Sunday, March 31, 2019",2019,3,1,MARZO
135,"Wednesday, February 13, 2019",2019,2,1,FEBRERO
136,"Tuesday, March 5, 2019",2019,3,1,MARZO
201,"Sunday, March 24, 2019",2019,3,1,MARZO
208,"Wednesday, January 9, 2019",2019,1,1,ENERO
209,"Wednesday, January 23, 2019",2019,1,1,ENERO
244,"Wednesday, October 2, 2019",2019,10,4,OCTUBRE
245,"Saturday, October 5, 2019",2019,10,4,OCTUBRE
246,"Sunday, October 6, 2019",2019,10,4,OCTUBRE
253,"Monday, October 7, 2019",2019,10,4,OCTUBRE
254,"Tuesday, October 8, 2019",2019,10,4,OCTUBRE
255,"Friday, October 11, 2019",2019,10,4,OCTUBRE
256,"Wednesday, October 16, 2019",2019,10,4,OCTUBRE
257,"Thursday, October 17, 2019",2019,10,4,OCTUBRE
258,"Sunday, October 20, 2019",2019,10,4,OCTUBRE
259,"Tuesday, October 22, 2019",2019,10,4,OCTUBRE
260,"Monday, October 21, 2019",2019,10,4,OCTUBRE
261,"Wednesday, October 23, 2019",2019,10,4,OCTUBRE
262,"Thursday, October 24, 2019",2019,10,4,OCTUBRE
263,"Saturday, October 26, 2019",2019,10,4,OCTUBRE
264,"Sunday, October 27, 2019",2019,10,4,OCTUBRE
265,"Wednesday, October 30, 2019",2019,10,4,OCTUBRE
266,"Saturday, November 2, 2019",2019,11,4,NOVIEMBRE
267,"Wednesday, November 6, 2019",2019,11,4,NOVIEMBRE
268,"Thursday, November 7, 2019",2019,11,4,NOVIEMBRE
269,"Monday, November 11, 2019",2019,11,4,NOVIEMBRE
270,"Saturday, November 9, 2019",2019,11,4,NOVIEMBRE
282,"Tuesday, October 1, 2019",2019,10,4,OCTUBRE
283,"Friday, October 4, 2019",2019,10,4,OCTUBRE
284,"Thursday, October 3, 2019",2019,10,4,OCTUBRE
289,"Tuesday, November 12, 2019",2019,11,4,NOVIEMBRE
290,"Monday, October 28, 2019",2019,10,4,OCTUBRE
291,"Saturday, November 16, 2019",2019,11,4,NOVIEMBRE
292,"Sunday, November 17, 2019",2019,11,4,NOVIEMBRE
293,"Monday, November 18, 2019",2019,11,4,NOVIEMBRE
294,"Tuesday, November 19, 2019",2019,11,4,NOVIEMBRE
295,"Friday, November 22, 2019",2019,11,4,NOVIEMBRE
296,"Saturday, November 23, 2019",2019,11,4,NOVIEMBRE
297,"Monday, November 25, 2019",2019,11,4,NOVIEMBRE
298,"Tuesday, November 26, 2019",2019,11,4,NOVIEMBRE
299,"Wednesday, November 27, 2019",2019,11,4,NOVIEMBRE
300,"Thursday, November 28, 2019",2019,11,4,NOVIEMBRE
301,"Sunday, December 1, 2019",2019,12,4,DICIEMBRE
302,"Saturday, November 30, 2019",2019,11,4,NOVIEMBRE
303,"Tuesday, December 3, 2019",2019,12,4,DICIEMBRE
304,"Sunday, December 8, 2019",2019,12,4,DICIEMBRE
305,"Monday, December 9, 2019",2019,12,4,DICIEMBRE
306,"Tuesday, December 10, 2019",2019,12,4,DICIEMBRE
307,"Wednesday, December 4, 2019",2019,12,4,DICIEMBRE
308,"Wednesday, December 11, 2019",2019,12,4,DICIEMBRE
309,"Saturday, December 14, 2019",2019,12,4,DICIEMBRE
310,"Sunday, December 15, 2019",2019,12,4,DICIEMBRE
311,"Friday, December 13, 2019",2019,12,4,DICIEMBRE
316,"Wednesday, October 9, 2019",2019,10,4,OCTUBRE
317,"Saturday, October 12, 2019",2019,10,4,OCTUBRE
318,"Sunday, October 13, 2019",2019,10,4,OCTUBRE
319,"Monday, October 14, 2019",2019,10,4,OCTUBRE
321,"Thursday, October 10, 2019",2019,10,4,OCTUBRE
322,"Sunday, November 3, 2019",2019,11,4,NOVIEMBRE
323,"Monday, November 4, 2019",2019,11,4,NOVIEMBRE
324,"Tuesday, November 5, 2019",2019,11,4,NOVIEMBRE
325,"Tuesday, October 29, 2019",2019,10,4,OCTUBRE
326,"Sunday, November 10, 2019",2019,11,4,NOVIEMBRE
327,"Thursday, November 14, 2019",2019,11,4,NOVIEMBRE
328,"Friday, November 15, 2019",2019,11,4,NOVIEMBRE
329,"Sunday, November 24, 2019",2019,11,4,NOVIEMBRE
330,"Friday, November 29, 2019",2019,11,4,NOVIEMBRE
331,"Thursday, December 5, 2019",2019,12,4,DICIEMBRE
332,"Saturday, December 7, 2019",2019,12,4,DICIEMBRE
335,"Tuesday, October 15, 2019",2019,10,4,OCTUBRE
336,"Friday, October 18, 2019",2019,10,4,OCTUBRE
337,"Saturday, October 19, 2019",2019,10,4,OCTUBRE
338,"Friday, October 25, 2019",2019,10,4,OCTUBRE
339,"Thursday, October 31, 2019",2019,10,4,OCTUBRE
340,"Friday, November 8, 2019",2019,11,4,NOVIEMBRE
341,"Monday, December 16, 2019",2019,12,4,DICIEMBRE
342,"Saturday, December 21, 2019",2019,12,4,DICIEMBRE
343,"Wednesday, December 18, 2019",2019,12,4,DICIEMBRE
344,"Thursday, December 26, 2019",2019,12,4,DICIEMBRE
345,"Thursday, December 19, 2019",2019,12,4,DICIEMBRE
346,"Friday, December 27, 2019",2019,12,4,DICIEMBRE
347,"Wednesday, December 25, 2019",2019,12,4,DICIEMBRE
348,"Monday, December 30, 2019",2019,12,4,DICIEMBRE
349,"Sunday, December 29, 2019",2019,12,4,DICIEMBRE
351,"Tuesday, December 31, 2019",2019,12,4,DICIEMBRE
361,"Tuesday, December 17, 2019",2019,12,4,DICIEMBRE
362,"Friday, December 20, 2019",2019,12,4,DICIEMBRE
363,"Saturday, December 28, 2019",2019,12,4,DICIEMBRE
364,"Tuesday, December 24, 2019",2019,12,4,DICIEMBRE
372,"Thursday, November 21, 2019",2019,11,4,NOVIEMBRE
373,"Wednesday, November 20, 2019",2019,11,4,NOVIEMBRE
374,"Friday, November 1, 2019",2019,11,4,NOVIEMBRE
375,"Monday, December 2, 2019",2019,12,4,DICIEMBRE
420,"Sunday, December 22, 2019",2019,12,4,DICIEMBRE
421,"Monday, December 23, 2019",2019,12,4,DICIEMBRE
482,"Friday, December 6, 2019",2019,12,4,DICIEMBRE
483,"Thursday, December 12, 2019",2019,12,4,DICIEMBRE
618,"Wednesday, November 13, 2019",2019,11,4,NOVIEMBRE
83,"Monday, April 1, 2019",2019,4,2,ABRIL
85,"Tuesday, April 2, 2019",2019,4,2,ABRIL
86,"Wednesday, April 3, 2019",2019,4,2,ABRIL
87,"Thursday, April 4, 2019",2019,4,2,ABRIL
88,"Friday, April 5, 2019",2019,4,2,ABRIL
89,"Monday, April 8, 2019",2019,4,2,ABRIL
90,"Tuesday, April 9, 2019",2019,4,2,ABRIL
91,"Thursday, April 11, 2019",2019,4,2,ABRIL
92,"Friday, April 12, 2019",2019,4,2,ABRIL
93,"Sunday, April 14, 2019",2019,4,2,ABRIL
96,"Saturday, April 6, 2019",2019,4,2,ABRIL
97,"Tuesday, April 16, 2019",2019,4,2,ABRIL
98,"Wednesday, April 17, 2019",2019,4,2,ABRIL
99,"Saturday, April 20, 2019",2019,4,2,ABRIL
100,"Sunday, April 21, 2019",2019,4,2,ABRIL
101,"Wednesday, April 24, 2019",2019,4,2,ABRIL
102,"Thursday, April 18, 2019",2019,4,2,ABRIL
103,"Monday, April 22, 2019",2019,4,2,ABRIL
104,"Tuesday, April 23, 2019",2019,4,2,ABRIL
105,"Thursday, April 25, 2019",2019,4,2,ABRIL
106,"Friday, April 26, 2019",2019,4,2,ABRIL
107,"Saturday, April 27, 2019",2019,4,2,ABRIL
108,"Thursday, May 2, 2019",2019,5,2,MAYO
109,"Friday, May 3, 2019",2019,5,2,MAYO
110,"Monday, May 6, 2019",2019,5,2,MAYO
111,"Tuesday, April 30, 2019",2019,4,2,ABRIL
112,"Sunday, May 5, 2019",2019,5,2,MAYO
113,"Wednesday, May 8, 2019",2019,5,2,MAYO
114,"Thursday, May 9, 2019",2019,5,2,MAYO
115,"Sunday, May 12, 2019",2019,5,2,MAYO
116,"Saturday, May 11, 2019",2019,5,2,MAYO
117,"Tuesday, May 14, 2019",2019,5,2,MAYO
118,"Sunday, May 19, 2019",2019,5,2,MAYO
119,"Friday, May 24, 2019",2019,5,2,MAYO
120,"Sunday, April 28, 2019",2019,4,2,ABRIL
121,"Saturday, May 4, 2019",2019,5,2,MAYO
122,"Wednesday, May 15, 2019",2019,5,2,MAYO
123,"Thursday, May 16, 2019",2019,5,2,MAYO
124,"Saturday, May 18, 2019",2019,5,2,MAYO
125,"Tuesday, May 21, 2019",2019,5,2,MAYO
126,"Wednesday, May 22, 2019",2019,5,2,MAYO
127,"Saturday, May 25, 2019",2019,5,2,MAYO
128,"Tuesday, May 28, 2019",2019,5,2,MAYO
129,"Friday, May 17, 2019",2019,5,2,MAYO
130,"Wednesday, May 29, 2019",2019,5,2,MAYO
131,"Monday, May 20, 2019",2019,5,2,MAYO
132,"Monday, April 29, 2019",2019,4,2,ABRIL
133,"Wednesday, May 1, 2019",2019,5,2,MAYO
134,"Friday, May 10, 2019",2019,5,2,MAYO
137,"Monday, May 27, 2019",2019,5,2,MAYO
138,"Thursday, May 23, 2019",2019,5,2,MAYO
139,"Sunday, June 2, 2019",2019,6,2,JUNIO
140,"Monday, June 3, 2019",2019,6,2,JUNIO
141,"Saturday, June 1, 2019",2019,6,2,JUNIO
142,"Saturday, June 8, 2019",2019,6,2,JUNIO
143,"Sunday, June 9, 2019",2019,6,2,JUNIO
144,"Monday, June 10, 2019",2019,6,2,JUNIO
145,"Wednesday, June 12, 2019",2019,6,2,JUNIO
146,"Friday, June 14, 2019",2019,6,2,JUNIO
147,"Saturday, June 15, 2019",2019,6,2,JUNIO
148,"Tuesday, June 18, 2019",2019,6,2,JUNIO
149,"Wednesday, June 19, 2019",2019,6,2,JUNIO
150,"Thursday, June 20, 2019",2019,6,2,JUNIO
151,"Saturday, June 22, 2019",2019,6,2,JUNIO
152,"Sunday, June 23, 2019",2019,6,2,JUNIO
153,"Monday, June 24, 2019",2019,6,2,JUNIO
154,"Wednesday, June 26, 2019",2019,6,2,JUNIO
155,"Thursday, May 30, 2019",2019,5,2,MAYO
156,"Friday, May 31, 2019",2019,5,2,MAYO
157,"Tuesday, June 4, 2019",2019,6,2,JUNIO
158,"Thursday, June 6, 2019",2019,6,2,JUNIO
159,"Tuesday, June 11, 2019",2019,6,2,JUNIO
160,"Thursday, June 13, 2019",2019,6,2,JUNIO
161,"Sunday, June 16, 2019",2019,6,2,JUNIO
162,"Friday, June 21, 2019",2019,6,2,JUNIO
163,"Friday, June 28, 2019",2019,6,2,JUNIO
165,"Saturday, June 29, 2019",2019,6,2,JUNIO
167,"Sunday, May 26, 2019",2019,5,2,MAYO
168,"Monday, May 13, 2019",2019,5,2,MAYO
169,"Friday, June 7, 2019",2019,6,2,JUNIO
170,"Monday, June 17, 2019",2019,6,2,JUNIO
171,"Thursday, June 27, 2019",2019,6,2,JUNIO
202,"Wednesday, April 10, 2019",2019,4,2,ABRIL
203,"Sunday, April 7, 2019",2019,4,2,ABRIL
204,"Saturday, April 13, 2019",2019,4,2,ABRIL
205,"Monday, April 15, 2019",2019,4,2,ABRIL
206,"Friday, April 19, 2019",2019,4,2,ABRIL
207,"Tuesday, May 7, 2019",2019,5,2,MAYO
285,"Tuesday, June 25, 2019",2019,6,2,JUNIO
286,"Sunday, June 30, 2019",2019,6,2,JUNIO
287,"Wednesday, June 5, 2019",2019,6,2,JUNIO
164,"Monday, July 1, 2019",2019,7,3,JULIO
166,"Tuesday, July 9, 2019",2019,7,3,JULIO
172,"Wednesday, July 3, 2019",2019,7,3,JULIO
173,"Thursday, July 4, 2019",2019,7,3,JULIO
174,"Friday, July 5, 2019",2019,7,3,JULIO
175,"Monday, July 8, 2019",2019,7,3,JULIO
176,"Thursday, July 11, 2019",2019,7,3,JULIO
177,"Saturday, July 13, 2019",2019,7,3,JULIO
178,"Monday, July 15, 2019",2019,7,3,JULIO
179,"Sunday, July 14, 2019",2019,7,3,JULIO
180,"Sunday, July 21, 2019",2019,7,3,JULIO
181,"Friday, July 19, 2019",2019,7,3,JULIO
182,"Saturday, July 20, 2019",2019,7,3,JULIO
183,"Monday, July 22, 2019",2019,7,3,JULIO
184,"Tuesday, July 23, 2019",2019,7,3,JULIO
185,"Saturday, July 27, 2019",2019,7,3,JULIO
186,"Friday, July 26, 2019",2019,7,3,JULIO
187,"Friday, July 12, 2019",2019,7,3,JULIO
188,"Saturday, July 6, 2019",2019,7,3,JULIO
189,"Wednesday, July 10, 2019",2019,7,3,JULIO
190,"Tuesday, July 16, 2019",2019,7,3,JULIO
191,"Thursday, July 18, 2019",2019,7,3,JULIO
192,"Wednesday, July 24, 2019",2019,7,3,JULIO
193,"Monday, July 29, 2019",2019,7,3,JULIO
194,"Thursday, July 25, 2019",2019,7,3,JULIO
195,"Wednesday, July 31, 2019",2019,7,3,JULIO
196,"Tuesday, July 30, 2019",2019,7,3,JULIO
197,"Friday, August 2, 2019",2019,8,3,AGOSTO
198,"Sunday, August 4, 2019",2019,8,3,AGOSTO
199,"Tuesday, August 6, 2019",2019,8,3,AGOSTO
200,"Monday, August 5, 2019",2019,8,3,AGOSTO
210,"Wednesday, July 17, 2019",2019,7,3,JULIO
211,"Sunday, July 28, 2019",2019,7,3,JULIO
212,"Thursday, August 1, 2019",2019,8,3,AGOSTO
213,"Sunday, August 11, 2019",2019,8,3,AGOSTO
214,"Saturday, August 10, 2019",2019,8,3,AGOSTO
215,"Monday, August 12, 2019",2019,8,3,AGOSTO
216,"Friday, August 9, 2019",2019,8,3,AGOSTO
217,"Thursday, August 8, 2019",2019,8,3,AGOSTO
218,"Tuesday, August 13, 2019",2019,8,3,AGOSTO
219,"Wednesday, August 14, 2019",2019,8,3,AGOSTO
220,"Saturday, August 17, 2019",2019,8,3,AGOSTO
221,"Monday, August 19, 2019",2019,8,3,AGOSTO
222,"Tuesday, August 20, 2019",2019,8,3,AGOSTO
223,"Friday, August 23, 2019",2019,8,3,AGOSTO
224,"Thursday, August 22, 2019",2019,8,3,AGOSTO
225,"Monday, August 26, 2019",2019,8,3,AGOSTO
226,"Friday, August 30, 2019",2019,8,3,AGOSTO
227,"Sunday, September 1, 2019",2019,9,3,SETIEMBRE
228,"Saturday, August 31, 2019",2019,8,3,AGOSTO
229,"Tuesday, September 3, 2019",2019,9,3,SETIEMBRE
230,"Friday, September 6, 2019",2019,9,3,SETIEMBRE
231,"Monday, September 9, 2019",2019,9,3,SETIEMBRE
232,"Thursday, September 5, 2019",2019,9,3,SETIEMBRE
233,"Sunday, September 8, 2019",2019,9,3,SETIEMBRE
234,"Saturday, September 14, 2019",2019,9,3,SETIEMBRE
235,"Sunday, September 15, 2019",2019,9,3,SETIEMBRE
236,"Thursday, September 19, 2019",2019,9,3,SETIEMBRE
237,"Friday, September 20, 2019",2019,9,3,SETIEMBRE
238,"Saturday, September 21, 2019",2019,9,3,SETIEMBRE
239,"Monday, September 23, 2019",2019,9,3,SETIEMBRE
240,"Thursday, September 26, 2019",2019,9,3,SETIEMBRE
241,"Tuesday, September 24, 2019",2019,9,3,SETIEMBRE
242,"Friday, September 27, 2019",2019,9,3,SETIEMBRE
243,"Monday, September 30, 2019",2019,9,3,SETIEMBRE
247,"Wednesday, August 7, 2019",2019,8,3,AGOSTO
248,"Thursday, August 15, 2019",2019,8,3,AGOSTO
249,"Sunday, August 18, 2019",2019,8,3,AGOSTO
250,"Wednesday, August 21, 2019",2019,8,3,AGOSTO
251,"Saturday, August 24, 2019",2019,8,3,AGOSTO
252,"Tuesday, August 27, 2019",2019,8,3,AGOSTO
271,"Friday, August 16, 2019",2019,8,3,AGOSTO
272,"Sunday, August 25, 2019",2019,8,3,AGOSTO
273,"Thursday, August 29, 2019",2019,8,3,AGOSTO
274,"Saturday, September 7, 2019",2019,9,3,SETIEMBRE
275,"Tuesday, September 10, 2019",2019,9,3,SETIEMBRE
276,"Wednesday, September 11, 2019",2019,9,3,SETIEMBRE
277,"Friday, September 13, 2019",2019,9,3,SETIEMBRE
278,"Thursday, September 12, 2019",2019,9,3,SETIEMBRE
279,"Wednesday, September 25, 2019",2019,9,3,SETIEMBRE
280,"Saturday, September 28, 2019",2019,9,3,SETIEMBRE
281,"Sunday, September 29, 2019",2019,9,3,SETIEMBRE
288,"Tuesday, July 2, 2019",2019,7,3,JULIO
312,"Monday, September 2, 2019",2019,9,3,SETIEMBRE
313,"Monday, September 16, 2019",2019,9,3,SETIEMBRE
314,"Tuesday, September 17, 2019",2019,9,3,SETIEMBRE
315,"Sunday, September 22, 2019",2019,9,3,SETIEMBRE
320,"Wednesday, September 18, 2019",2019,9,3,SETIEMBRE
333,"Sunday, July 7, 2019",2019,7,3,JULIO
334,"Saturday, August 3, 2019",2019,8,3,AGOSTO
419,"Wednesday, September 4, 2019",2019,9,3,SETIEMBRE
460,"Wednesday, August 28, 2019",2019,8,3,AGOSTO
822,"Friday, July 2, 2021",2021,7,3,JULIO
823,"Sunday, July 11, 2021",2021,7,3,JULIO
824,"Friday, July 9, 2021",2021,7,3,JULIO
825,"Monday, July 12, 2021",2021,7,3,JULIO
827,"Thursday, July 15, 2021",2021,7,3,JULIO
828,"Friday, July 16, 2021",2021,7,3,JULIO
829,"Tuesday, July 20, 2021",2021,7,3,JULIO
830,"Sunday, July 18, 2021",2021,7,3,JULIO
831,"Monday, July 26, 2021",2021,7,3,JULIO
832,"Tuesday, July 27, 2021",2021,7,3,JULIO
833,"Friday, July 23, 2021",2021,7,3,JULIO
834,"Thursday, July 29, 2021",2021,7,3,JULIO
835,"Saturday, July 24, 2021",2021,7,3,JULIO
836,"Saturday, July 31, 2021",2021,7,3,JULIO
837,"Friday, July 30, 2021",2021,7,3,JULIO
838,"Friday, August 6, 2021",2021,8,3,AGOSTO
893,"Sunday, July 4, 2021",2021,7,3,JULIO
894,"Monday, July 5, 2021",2021,7,3,JULIO
895,"Tuesday, July 6, 2021",2021,7,3,JULIO
911,"Monday, August 9, 2021",2021,8,3,AGOSTO
912,"Friday, August 13, 2021",2021,8,3,AGOSTO
913,"Monday, August 16, 2021",2021,8,3,AGOSTO
914,"Sunday, August 15, 2021",2021,8,3,AGOSTO
915,"Thursday, August 19, 2021",2021,8,3,AGOSTO
916,"Friday, August 20, 2021",2021,8,3,AGOSTO
917,"Thursday, August 12, 2021",2021,8,3,AGOSTO
918,"Sunday, August 22, 2021",2021,8,3,AGOSTO
919,"Saturday, August 21, 2021",2021,8,3,AGOSTO
920,"Thursday, August 26, 2021",2021,8,3,AGOSTO
921,"Friday, August 27, 2021",2021,8,3,AGOSTO
922,"Saturday, September 4, 2021",2021,9,3,SETIEMBRE
923,"Sunday, September 12, 2021",2021,9,3,SETIEMBRE
924,"Monday, September 6, 2021",2021,9,3,SETIEMBRE
925,"Monday, September 13, 2021",2021,9,3,SETIEMBRE
926,"Monday, July 19, 2021",2021,7,3,JULIO
927,"Friday, September 24, 2021",2021,9,3,SETIEMBRE
932,"Monday, September 27, 2021",2021,9,3,SETIEMBRE
935,"Saturday, July 17, 2021",2021,7,3,JULIO
936,"Saturday, July 3, 2021",2021,7,3,JULIO
937,"Sunday, July 25, 2021",2021,7,3,JULIO
938,"Tuesday, August 10, 2021",2021,8,3,AGOSTO
939,"Sunday, August 8, 2021",2021,8,3,AGOSTO
940,"Wednesday, August 18, 2021",2021,8,3,AGOSTO
941,"Tuesday, August 24, 2021",2021,8,3,AGOSTO
942,"Saturday, August 7, 2021",2021,8,3,AGOSTO
943,"Sunday, August 29, 2021",2021,8,3,AGOSTO
944,"Thursday, September 16, 2021",2021,9,3,SETIEMBRE
945,"Friday, September 17, 2021",2021,9,3,SETIEMBRE
946,"Monday, September 20, 2021",2021,9,3,SETIEMBRE
947,"Saturday, September 25, 2021",2021,9,3,SETIEMBRE
948,"Tuesday, September 28, 2021",2021,9,3,SETIEMBRE
949,"Thursday, September 30, 2021",2021,9,3,SETIEMBRE
958,"Thursday, July 1, 2021",2021,7,3,JULIO
959,"Saturday, July 10, 2021",2021,7,3,JULIO
960,"Wednesday, July 14, 2021",2021,7,3,JULIO
961,"Wednesday, July 28, 2021",2021,7,3,JULIO
962,"Sunday, August 1, 2021",2021,8,3,AGOSTO
963,"Monday, August 2, 2021",2021,8,3,AGOSTO
964,"Tuesday, August 3, 2021",2021,8,3,AGOSTO
965,"Thursday, August 5, 2021",2021,8,3,AGOSTO
998,"Wednesday, July 7, 2021",2021,7,3,JULIO
999,"Thursday, July 8, 2021",2021,7,3,JULIO
1000,"Tuesday, July 13, 2021",2021,7,3,JULIO
1022,"Thursday, July 22, 2021",2021,7,3,JULIO
1023,"Wednesday, August 4, 2021",2021,8,3,AGOSTO
1024,"Tuesday, August 17, 2021",2021,8,3,AGOSTO
1025,"Saturday, August 28, 2021",2021,8,3,AGOSTO
1026,"Monday, August 30, 2021",2021,8,3,AGOSTO
1027,"Wednesday, September 1, 2021",2021,9,3,SETIEMBRE
1028,"Wednesday, August 25, 2021",2021,8,3,AGOSTO
1029,"Tuesday, August 31, 2021",2021,8,3,AGOSTO
1030,"Friday, September 3, 2021",2021,9,3,SETIEMBRE
1031,"Sunday, September 5, 2021",2021,9,3,SETIEMBRE
1032,"Thursday, September 2, 2021",2021,9,3,SETIEMBRE
1033,"Tuesday, September 7, 2021",2021,9,3,SETIEMBRE
1034,"Wednesday, September 15, 2021",2021,9,3,SETIEMBRE
1035,"Saturday, September 18, 2021",2021,9,3,SETIEMBRE
1039,"Wednesday, August 11, 2021",2021,8,3,AGOSTO
1040,"Friday, September 10, 2021",2021,9,3,SETIEMBRE
1041,"Tuesday, September 14, 2021",2021,9,3,SETIEMBRE
1042,"Sunday, September 19, 2021",2021,9,3,SETIEMBRE
1043,"Wednesday, September 8, 2021",2021,9,3,SETIEMBRE
1044,"Tuesday, September 21, 2021",2021,9,3,SETIEMBRE
1045,"Thursday, September 23, 2021",2021,9,3,SETIEMBRE
1046,"Wednesday, September 29, 2021",2021,9,3,SETIEMBRE
1067,"Wednesday, July 21, 2021",2021,7,3,JULIO
1070,"Saturday, August 14, 2021",2021,8,3,AGOSTO
1071,"Monday, August 23, 2021",2021,8,3,AGOSTO
1072,"Sunday, September 26, 2021",2021,9,3,SETIEMBRE
1078,"Saturday, September 11, 2021",2021,9,3,SETIEMBRE
1079,"Wednesday, September 22, 2021",2021,9,3,SETIEMBRE
1092,"Thursday, September 9, 2021",2021,9,3,SETIEMBRE
928,"Saturday, October 2, 2021",2021,10,4,OCTUBRE
929,"Monday, October 4, 2021",2021,10,4,OCTUBRE
930,"Wednesday, October 6, 2021",2021,10,4,OCTUBRE
931,"Thursday, October 7, 2021",2021,10,4,OCTUBRE
933,"Saturday, October 9, 2021",2021,10,4,OCTUBRE
934,"Sunday, October 10, 2021",2021,10,4,OCTUBRE
950,"Friday, October 1, 2021",2021,10,4,OCTUBRE
951,"Sunday, October 3, 2021",2021,10,4,OCTUBRE
952,"Friday, October 15, 2021",2021,10,4,OCTUBRE
953,"Saturday, October 16, 2021",2021,10,4,OCTUBRE
954,"Friday, October 22, 2021",2021,10,4,OCTUBRE
969,"Monday, October 25, 2021",2021,10,4,OCTUBRE
970,"Tuesday, October 26, 2021",2021,10,4,OCTUBRE
971,"Wednesday, October 20, 2021",2021,10,4,OCTUBRE
972,"Friday, October 29, 2021",2021,10,4,OCTUBRE
973,"Sunday, October 31, 2021",2021,10,4,OCTUBRE
974,"Monday, November 1, 2021",2021,11,4,NOVIEMBRE
975,"Wednesday, November 3, 2021",2021,11,4,NOVIEMBRE
976,"Sunday, November 7, 2021",2021,11,4,NOVIEMBRE
977,"Thursday, November 11, 2021",2021,11,4,NOVIEMBRE
978,"Saturday, November 13, 2021",2021,11,4,NOVIEMBRE
979,"Sunday, November 14, 2021",2021,11,4,NOVIEMBRE
980,"Wednesday, November 17, 2021",2021,11,4,NOVIEMBRE
981,"Saturday, November 6, 2021",2021,11,4,NOVIEMBRE
982,"Saturday, November 20, 2021",2021,11,4,NOVIEMBRE
983,"Sunday, November 21, 2021",2021,11,4,NOVIEMBRE
984,"Wednesday, November 24, 2021",2021,11,4,NOVIEMBRE
985,"Friday, November 19, 2021",2021,11,4,NOVIEMBRE
986,"Monday, November 29, 2021",2021,11,4,NOVIEMBRE
987,"Sunday, November 28, 2021",2021,11,4,NOVIEMBRE
988,"Wednesday, December 1, 2021",2021,12,4,DICIEMBRE
989,"Friday, December 3, 2021",2021,12,4,DICIEMBRE
990,"Monday, December 6, 2021",2021,12,4,DICIEMBRE
991,"Wednesday, December 8, 2021",2021,12,4,DICIEMBRE
992,"Thursday, December 9, 2021",2021,12,4,DICIEMBRE
993,"Saturday, December 11, 2021",2021,12,4,DICIEMBRE
994,"Sunday, December 12, 2021",2021,12,4,DICIEMBRE
1005,"Wednesday, October 13, 2021",2021,10,4,OCTUBRE
1006,"Sunday, October 17, 2021",2021,10,4,OCTUBRE
1007,"Monday, October 18, 2021",2021,10,4,OCTUBRE
1008,"Tuesday, October 19, 2021",2021,10,4,OCTUBRE
1009,"Wednesday, October 27, 2021",2021,10,4,OCTUBRE
1010,"Thursday, November 4, 2021",2021,11,4,NOVIEMBRE
1011,"Tuesday, November 2, 2021",2021,11,4,NOVIEMBRE
1012,"Tuesday, November 9, 2021",2021,11,4,NOVIEMBRE
1013,"Tuesday, November 16, 2021",2021,11,4,NOVIEMBRE
1014,"Monday, November 22, 2021",2021,11,4,NOVIEMBRE
1015,"Thursday, November 18, 2021",2021,11,4,NOVIEMBRE
1016,"Friday, November 12, 2021",2021,11,4,NOVIEMBRE
1017,"Friday, November 26, 2021",2021,11,4,NOVIEMBRE
1018,"Thursday, November 25, 2021",2021,11,4,NOVIEMBRE
1019,"Saturday, November 27, 2021",2021,11,4,NOVIEMBRE
1020,"Sunday, December 5, 2021",2021,12,4,DICIEMBRE
1021,"Saturday, December 4, 2021",2021,12,4,DICIEMBRE
1047,"Monday, October 11, 2021",2021,10,4,OCTUBRE
1048,"Thursday, October 14, 2021",2021,10,4,OCTUBRE
1049,"Saturday, October 30, 2021",2021,10,4,OCTUBRE
1050,"Friday, November 5, 2021",2021,11,4,NOVIEMBRE
1051,"Monday, November 8, 2021",2021,11,4,NOVIEMBRE
1052,"Monday, November 15, 2021",2021,11,4,NOVIEMBRE
1053,"Tuesday, November 30, 2021",2021,11,4,NOVIEMBRE
1054,"Thursday, December 2, 2021",2021,12,4,DICIEMBRE
1055,"Tuesday, December 7, 2021",2021,12,4,DICIEMBRE
1056,"Monday, December 13, 2021",2021,12,4,DICIEMBRE
1057,"Wednesday, December 15, 2021",2021,12,4,DICIEMBRE
1058,"Thursday, December 16, 2021",2021,12,4,DICIEMBRE
1059,"Sunday, December 19, 2021",2021,12,4,DICIEMBRE
1060,"Saturday, December 18, 2021",2021,12,4,DICIEMBRE
1061,"Saturday, December 25, 2021",2021,12,4,DICIEMBRE
1062,"Monday, December 27, 2021",2021,12,4,DICIEMBRE
1063,"Wednesday, December 29, 2021",2021,12,4,DICIEMBRE
1064,"Wednesday, December 22, 2021",2021,12,4,DICIEMBRE
1065,"Friday, December 31, 2021",2021,12,4,DICIEMBRE
1066,"Friday, December 24, 2021",2021,12,4,DICIEMBRE
1068,"Monday, December 20, 2021",2021,12,4,DICIEMBRE
1069,"Thursday, December 23, 2021",2021,12,4,DICIEMBRE
1073,"Friday, October 8, 2021",2021,10,4,OCTUBRE
1074,"Tuesday, October 12, 2021",2021,10,4,OCTUBRE
1075,"Sunday, October 24, 2021",2021,10,4,OCTUBRE
1076,"Saturday, October 23, 2021",2021,10,4,OCTUBRE
1077,"Thursday, October 28, 2021",2021,10,4,OCTUBRE
1081,"Tuesday, November 23, 2021",2021,11,4,NOVIEMBRE
1082,"Friday, December 10, 2021",2021,12,4,DICIEMBRE
1083,"Tuesday, December 14, 2021",2021,12,4,DICIEMBRE
1084,"Tuesday, December 21, 2021",2021,12,4,DICIEMBRE
1085,"Tuesday, December 28, 2021",2021,12,4,DICIEMBRE
1086,"Thursday, December 30, 2021",2021,12,4,DICIEMBRE
1087,"Sunday, December 26, 2021",2021,12,4,DICIEMBRE
1088,"Thursday, October 21, 2021",2021,10,4,OCTUBRE
1089,"Wednesday, November 10, 2021",2021,11,4,NOVIEMBRE
1090,"Friday, December 17, 2021",2021,12,4,DICIEMBRE
1093,"Tuesday, October 5, 2021",2021,10,4,OCTUBRE
694,"Saturday, April 3, 2021",2021,4,2,ABRIL
747,"Sunday, April 4, 2021",2021,4,2,ABRIL
749,"Monday, April 5, 2021",2021,4,2,ABRIL
750,"Tuesday, April 6, 2021",2021,4,2,ABRIL
752,"Thursday, April 15, 2021",2021,4,2,ABRIL
753,"Friday, April 16, 2021",2021,4,2,ABRIL
754,"Saturday, April 17, 2021",2021,4,2,ABRIL
755,"Tuesday, April 20, 2021",2021,4,2,ABRIL
756,"Thursday, April 22, 2021",2021,4,2,ABRIL
757,"Saturday, April 24, 2021",2021,4,2,ABRIL
758,"Sunday, April 25, 2021",2021,4,2,ABRIL
759,"Monday, April 26, 2021",2021,4,2,ABRIL
760,"Wednesday, April 28, 2021",2021,4,2,ABRIL
761,"Friday, April 30, 2021",2021,4,2,ABRIL
762,"Monday, May 3, 2021",2021,5,2,MAYO
763,"Monday, May 10, 2021",2021,5,2,MAYO
764,"Wednesday, May 12, 2021",2021,5,2,MAYO
765,"Sunday, May 9, 2021",2021,5,2,MAYO
766,"Sunday, May 16, 2021",2021,5,2,MAYO
767,"Monday, May 24, 2021",2021,5,2,MAYO
768,"Friday, May 28, 2021",2021,5,2,MAYO
769,"Monday, May 31, 2021",2021,5,2,MAYO
770,"Saturday, May 29, 2021",2021,5,2,MAYO
814,"Sunday, June 6, 2021",2021,6,2,JUNIO
815,"Monday, June 7, 2021",2021,6,2,JUNIO
816,"Wednesday, June 9, 2021",2021,6,2,JUNIO
817,"Friday, June 11, 2021",2021,6,2,JUNIO
818,"Wednesday, June 16, 2021",2021,6,2,JUNIO
819,"Saturday, June 26, 2021",2021,6,2,JUNIO
820,"Thursday, June 24, 2021",2021,6,2,JUNIO
821,"Monday, June 28, 2021",2021,6,2,JUNIO
826,"Tuesday, June 29, 2021",2021,6,2,JUNIO
852,"Thursday, April 1, 2021",2021,4,2,ABRIL
853,"Friday, April 2, 2021",2021,4,2,ABRIL
854,"Thursday, April 8, 2021",2021,4,2,ABRIL
864,"Wednesday, April 7, 2021",2021,4,2,ABRIL
865,"Friday, April 9, 2021",2021,4,2,ABRIL
866,"Saturday, April 10, 2021",2021,4,2,ABRIL
867,"Friday, April 23, 2021",2021,4,2,ABRIL
868,"Tuesday, May 4, 2021",2021,5,2,MAYO
874,"Sunday, April 18, 2021",2021,4,2,ABRIL
875,"Thursday, April 29, 2021",2021,4,2,ABRIL
876,"Tuesday, May 11, 2021",2021,5,2,MAYO
877,"Friday, May 7, 2021",2021,5,2,MAYO
878,"Thursday, May 13, 2021",2021,5,2,MAYO
879,"Tuesday, May 18, 2021",2021,5,2,MAYO
880,"Friday, May 21, 2021",2021,5,2,MAYO
881,"Tuesday, May 25, 2021",2021,5,2,MAYO
882,"Sunday, May 30, 2021",2021,5,2,MAYO
883,"Thursday, June 3, 2021",2021,6,2,JUNIO
884,"Tuesday, June 8, 2021",2021,6,2,JUNIO
885,"Sunday, June 13, 2021",2021,6,2,JUNIO
886,"Tuesday, June 15, 2021",2021,6,2,JUNIO
887,"Thursday, June 17, 2021",2021,6,2,JUNIO
888,"Saturday, June 19, 2021",2021,6,2,JUNIO
889,"Monday, June 21, 2021",2021,6,2,JUNIO
890,"Sunday, June 20, 2021",2021,6,2,JUNIO
891,"Friday, June 25, 2021",2021,6,2,JUNIO
892,"Tuesday, June 22, 2021",2021,6,2,JUNIO
896,"Monday, April 12, 2021",2021,4,2,ABRIL
897,"Monday, April 19, 2021",2021,4,2,ABRIL
898,"Tuesday, April 13, 2021",2021,4,2,ABRIL
899,"Saturday, May 1, 2021",2021,5,2,MAYO
900,"Saturday, May 8, 2021",2021,5,2,MAYO
901,"Thursday, May 6, 2021",2021,5,2,MAYO
902,"Friday, May 14, 2021",2021,5,2,MAYO
903,"Monday, May 17, 2021",2021,5,2,MAYO
904,"Sunday, May 23, 2021",2021,5,2,MAYO
905,"Wednesday, May 26, 2021",2021,5,2,MAYO
906,"Tuesday, June 1, 2021",2021,6,2,JUNIO
907,"Wednesday, June 2, 2021",2021,6,2,JUNIO
908,"Friday, June 4, 2021",2021,6,2,JUNIO
955,"Tuesday, April 27, 2021",2021,4,2,ABRIL
956,"Saturday, May 22, 2021",2021,5,2,MAYO
957,"Saturday, June 5, 2021",2021,6,2,JUNIO
966,"Sunday, April 11, 2021",2021,4,2,ABRIL
967,"Sunday, May 2, 2021",2021,5,2,MAYO
968,"Wednesday, May 5, 2021",2021,5,2,MAYO
995,"Thursday, June 10, 2021",2021,6,2,JUNIO
996,"Saturday, June 12, 2021",2021,6,2,JUNIO
997,"Monday, June 14, 2021",2021,6,2,JUNIO
1001,"Saturday, May 15, 2021",2021,5,2,MAYO
1002,"Thursday, May 20, 2021",2021,5,2,MAYO
1003,"Thursday, May 27, 2021",2021,5,2,MAYO
1004,"Friday, June 18, 2021",2021,6,2,JUNIO
1036,"Wednesday, May 19, 2021",2021,5,2,MAYO
1037,"Sunday, June 27, 2021",2021,6,2,JUNIO
1038,"Wednesday, April 14, 2021",2021,4,2,ABRIL
1080,"Wednesday, June 30, 2021",2021,6,2,JUNIO
1091,"Wednesday, June 23, 2021",2021,6,2,JUNIO
1096,"Wednesday, April 21, 2021",2021,4,2,ABRIL
595,"Saturday, January 2, 2021",2021,1,1,ENERO
596,"Sunday, January 3, 2021",2021,1,1,ENERO
597,"Tuesday, January 5, 2021",2021,1,1,ENERO
598,"Friday, January 1, 2021",2021,1,1,ENERO
599,"Wednesday, January 6, 2021",2021,1,1,ENERO
627,"Thursday, January 7, 2021",2021,1,1,ENERO
628,"Friday, January 8, 2021",2021,1,1,ENERO
629,"Tuesday, January 12, 2021",2021,1,1,ENERO
630,"Tuesday, January 19, 2021",2021,1,1,ENERO
631,"Saturday, January 16, 2021",2021,1,1,ENERO
632,"Wednesday, January 20, 2021",2021,1,1,ENERO
633,"Friday, January 22, 2021",2021,1,1,ENERO
634,"Sunday, January 24, 2021",2021,1,1,ENERO
635,"Tuesday, January 26, 2021",2021,1,1,ENERO
636,"Monday, January 25, 2021",2021,1,1,ENERO
637,"Wednesday, January 13, 2021",2021,1,1,ENERO
638,"Thursday, January 28, 2021",2021,1,1,ENERO
639,"Saturday, January 30, 2021",2021,1,1,ENERO
640,"Monday, February 1, 2021",2021,2,1,FEBRERO
641,"Saturday, February 6, 2021",2021,2,1,FEBRERO
642,"Monday, February 8, 2021",2021,2,1,FEBRERO
643,"Tuesday, February 9, 2021",2021,2,1,FEBRERO
644,"Wednesday, February 10, 2021",2021,2,1,FEBRERO
645,"Friday, February 12, 2021",2021,2,1,FEBRERO
646,"Tuesday, February 2, 2021",2021,2,1,FEBRERO
647,"Tuesday, February 16, 2021",2021,2,1,FEBRERO
648,"Saturday, February 20, 2021",2021,2,1,FEBRERO
674,"Tuesday, February 23, 2021",2021,2,1,FEBRERO
675,"Wednesday, February 24, 2021",2021,2,1,FEBRERO
676,"Friday, February 26, 2021",2021,2,1,FEBRERO
677,"Friday, March 5, 2021",2021,3,1,MARZO
678,"Saturday, March 6, 2021",2021,3,1,MARZO
679,"Sunday, March 7, 2021",2021,3,1,MARZO
680,"Monday, March 8, 2021",2021,3,1,MARZO
681,"Tuesday, March 9, 2021",2021,3,1,MARZO
682,"Monday, March 1, 2021",2021,3,1,MARZO
683,"Friday, March 12, 2021",2021,3,1,MARZO
684,"Monday, March 15, 2021",2021,3,1,MARZO
685,"Tuesday, March 16, 2021",2021,3,1,MARZO
686,"Thursday, March 18, 2021",2021,3,1,MARZO
687,"Saturday, March 20, 2021",2021,3,1,MARZO
688,"Sunday, March 21, 2021",2021,3,1,MARZO
689,"Monday, March 22, 2021",2021,3,1,MARZO
690,"Tuesday, March 23, 2021",2021,3,1,MARZO
691,"Sunday, March 28, 2021",2021,3,1,MARZO
692,"Monday, March 29, 2021",2021,3,1,MARZO
693,"Wednesday, March 31, 2021",2021,3,1,MARZO
748,"Tuesday, March 30, 2021",2021,3,1,MARZO
751,"Wednesday, March 24, 2021",2021,3,1,MARZO
786,"Saturday, January 9, 2021",2021,1,1,ENERO
787,"Monday, January 11, 2021",2021,1,1,ENERO
788,"Sunday, January 31, 2021",2021,1,1,ENERO
794,"Thursday, January 14, 2021",2021,1,1,ENERO
795,"Friday, January 15, 2021",2021,1,1,ENERO
796,"Monday, January 18, 2021",2021,1,1,ENERO
797,"Thursday, January 21, 2021",2021,1,1,ENERO
798,"Wednesday, February 3, 2021",2021,2,1,FEBRERO
799,"Thursday, February 4, 2021",2021,2,1,FEBRERO
800,"Friday, January 29, 2021",2021,1,1,ENERO
801,"Friday, February 19, 2021",2021,2,1,FEBRERO
802,"Thursday, March 4, 2021",2021,3,1,MARZO
803,"Saturday, February 27, 2021",2021,2,1,FEBRERO
804,"Thursday, February 25, 2021",2021,2,1,FEBRERO
812,"Saturday, January 23, 2021",2021,1,1,ENERO
841,"Sunday, January 17, 2021",2021,1,1,ENERO
842,"Thursday, February 18, 2021",2021,2,1,FEBRERO
843,"Monday, February 22, 2021",2021,2,1,FEBRERO
844,"Sunday, February 21, 2021",2021,2,1,FEBRERO
845,"Wednesday, March 10, 2021",2021,3,1,MARZO
846,"Thursday, March 11, 2021",2021,3,1,MARZO
847,"Saturday, March 13, 2021",2021,3,1,MARZO
848,"Wednesday, March 17, 2021",2021,3,1,MARZO
849,"Sunday, February 14, 2021",2021,2,1,FEBRERO
850,"Thursday, March 25, 2021",2021,3,1,MARZO
851,"Saturday, March 27, 2021",2021,3,1,MARZO
857,"Sunday, February 28, 2021",2021,2,1,FEBRERO
858,"Friday, February 5, 2021",2021,2,1,FEBRERO
859,"Friday, March 19, 2021",2021,3,1,MARZO
860,"Friday, March 26, 2021",2021,3,1,MARZO
861,"Sunday, January 10, 2021",2021,1,1,ENERO
862,"Sunday, February 7, 2021",2021,2,1,FEBRERO
863,"Monday, February 15, 2021",2021,2,1,FEBRERO
869,"Wednesday, January 27, 2021",2021,1,1,ENERO
870,"Thursday, February 11, 2021",2021,2,1,FEBRERO
871,"Wednesday, February 17, 2021",2021,2,1,FEBRERO
872,"Tuesday, March 2, 2021",2021,3,1,MARZO
873,"Wednesday, March 3, 2021",2021,3,1,MARZO
909,"Monday, January 4, 2021",2021,1,1,ENERO
910,"Saturday, February 13, 2021",2021,2,1,FEBRERO
1095,"Sunday, March 14, 2021",2021,3,1,MARZO